cleaned_pattern,representative_log,occurrence_count
Permission denied (publickey) when trying to establish SSH tunnel to remote Notebook server 10.128.0.45.,Permission denied (publickey) when trying to establish SSH tunnel to remote Notebook server 10.128.0.45.,100
Job execution exceeded the hard limit of 6 hours and was cancelled by the BigQuery service. Job ID: bq_job_[ID],Job execution exceeded the hard limit of 6 hours and was cancelled by the BigQuery service. Job ID: bq_job_137895,98
Unknown Airflow Exception in task processing_[ID]: Internal server error triggered by unexpected upstream response.,Unknown Airflow Exception in task processing_4291: Internal server error triggered by unexpected upstream response.,98
MemoryError: Unable to allocate 8.0 GiB for array in pandas processing. Task killed by GKE scheduler.,MemoryError: Unable to allocate 8.0 GiB for array in pandas processing. Task killed by GKE scheduler.,37
MemoryError: Unable to allocate 16.0 GiB for array in pandas processing. Task killed by GKE scheduler.,MemoryError: Unable to allocate 16.0 GiB for array in pandas processing. Task killed by GKE scheduler.,35
ModuleNotFoundError: No module named 'scikit-learn'. Please check requirements.txt for GKE execution environment.,ModuleNotFoundError: No module named 'scikit-learn'. Please check requirements.txt for GKE execution environment.,35
MemoryError: Unable to allocate 4.0 GiB for array in pandas processing. Task killed by GKE scheduler.,MemoryError: Unable to allocate 4.0 GiB for array in pandas processing. Task killed by GKE scheduler.,33
ModuleNotFoundError: No module named 'pyarrow'. Please check requirements.txt for GKE execution environment.,ModuleNotFoundError: No module named 'pyarrow'. Please check requirements.txt for GKE execution environment.,32
ModuleNotFoundError: No module named 'tensorflow'. Please check requirements.txt for GKE execution environment.,ModuleNotFoundError: No module named 'tensorflow'. Please check requirements.txt for GKE execution environment.,32
Connection reset by peer while uploading results to BigQuery GCS stage for table revenue_daily.,Connection reset by peer while uploading results to BigQuery GCS stage for table revenue_daily.,29
fin_history_sensor_user_profile failed. Timeout after 72 hours. Last poke at [TS].,fin_history_sensor_user_profile failed. Timeout after 72 hours. Last poke at 2024-03-12 10:00:00.,26
Connection reset by peer while uploading results to BigQuery GCS stage for table click_logs.,Connection reset by peer while uploading results to BigQuery GCS stage for table click_logs.,25
google.cloud.bigquery.dbapi.OperationalError: 400 Provided Schema does not match the target table 'order_info'. Field 'updated_at' is missing or has different type.,google.cloud.bigquery.dbapi.OperationalError: 400 Provided Schema does not match the target table 'order_info'. Field 'updated_at' is missing or has different type.,22
google.cloud.bigquery.dbapi.OperationalError: 400 Provided Schema does not match the target table 'user_profile'. Field 'updated_at' is missing or has different type.,google.cloud.bigquery.dbapi.OperationalError: 400 Provided Schema does not match the target table 'user_profile'. Field 'updated_at' is missing or has different type.,22
Connection reset by peer while uploading results to BigQuery GCS stage for table mart_sales.,Connection reset by peer while uploading results to BigQuery GCS stage for table mart_sales.,20
Connection reset by peer while uploading results to BigQuery GCS stage for table user_profile.,Connection reset by peer while uploading results to BigQuery GCS stage for table user_profile.,20
fin_history_sensor_click_logs failed. Timeout after 72 hours. Last poke at [TS].,fin_history_sensor_click_logs failed. Timeout after 72 hours. Last poke at 2024-03-12 10:00:00.,20
fin_history_sensor_order_info failed. Timeout after 72 hours. Last poke at [TS].,fin_history_sensor_order_info failed. Timeout after 72 hours. Last poke at 2024-03-12 10:00:00.,20
google.cloud.bigquery.dbapi.OperationalError: 400 Provided Schema does not match the target table 'mart_sales'. Field 'updated_at' is missing or has different type.,google.cloud.bigquery.dbapi.OperationalError: 400 Provided Schema does not match the target table 'mart_sales'. Field 'updated_at' is missing or has different type.,19
google.cloud.bigquery.dbapi.OperationalError: 400 Provided Schema does not match the target table 'revenue_daily'. Field 'updated_at' is missing or has different type.,google.cloud.bigquery.dbapi.OperationalError: 400 Provided Schema does not match the target table 'revenue_daily'. Field 'updated_at' is missing or has different type.,19
google.cloud.bigquery.dbapi.OperationalError: 400 Provided Schema does not match the target table 'click_logs'. Field 'updated_at' is missing or has different type.,google.cloud.bigquery.dbapi.OperationalError: 400 Provided Schema does not match the target table 'click_logs'. Field 'updated_at' is missing or has different type.,18
fin_history_sensor_revenue_daily failed. Timeout after 72 hours. Last poke at [TS].,fin_history_sensor_revenue_daily failed. Timeout after 72 hours. Last poke at 2024-03-12 10:00:00.,13
fin_history_sensor_mart_sales failed. Timeout after 72 hours. Last poke at [TS].,fin_history_sensor_mart_sales failed. Timeout after 72 hours. Last poke at 2024-03-12 10:00:00.,13
Connection reset by peer while uploading results to BigQuery GCS stage for table order_info.,Connection reset by peer while uploading results to BigQuery GCS stage for table order_info.,11
google.api_core.exceptions.Forbidden: 403 Access Denied: Project prod-data-project. Service account bq-loader@sandbox.iam.gserviceaccount.com lacks BigQuery Data Editor permission for table user_profile.,google.api_core.exceptions.Forbidden: 403 Access Denied: Project prod-data-project. Service account bq-loader@sandbox.iam.gserviceaccount.com lacks BigQuery Data Editor permission for table user_profile.,7
google.api_core.exceptions.Forbidden: 403 Access Denied: Project sandbox-data-123. Service account bq-loader@sandbox.iam.gserviceaccount.com lacks BigQuery Data Editor permission for table user_profile.,google.api_core.exceptions.Forbidden: 403 Access Denied: Project sandbox-data-123. Service account bq-loader@sandbox.iam.gserviceaccount.com lacks BigQuery Data Editor permission for table user_profile.,7
google.api_core.exceptions.Forbidden: 403 Access Denied: Project sandbox-data-123. Service account bq-loader@sandbox.iam.gserviceaccount.com lacks BigQuery Data Editor permission for table order_info.,google.api_core.exceptions.Forbidden: 403 Access Denied: Project sandbox-data-123. Service account bq-loader@sandbox.iam.gserviceaccount.com lacks BigQuery Data Editor permission for table order_info.,7
google.api_core.exceptions.Forbidden: 403 Access Denied: Project dw-mart-analytics. Service account airflow-worker@prod-project.iam.gserviceaccount.com lacks BigQuery Data Editor permission for table click_logs.,google.api_core.exceptions.Forbidden: 403 Access Denied: Project dw-mart-analytics. Service account airflow-worker@prod-project.iam.gserviceaccount.com lacks BigQuery Data Editor permission for table click_logs.,6
google.api_core.exceptions.Forbidden: 403 Access Denied: Project sandbox-data-123. Service account bq-loader@sandbox.iam.gserviceaccount.com lacks BigQuery Data Editor permission for table click_logs.,google.api_core.exceptions.Forbidden: 403 Access Denied: Project sandbox-data-123. Service account bq-loader@sandbox.iam.gserviceaccount.com lacks BigQuery Data Editor permission for table click_logs.,5
google.api_core.exceptions.Forbidden: 403 Access Denied: Project dw-mart-analytics. Service account airflow-worker@prod-project.iam.gserviceaccount.com lacks BigQuery Data Editor permission for table order_info.,google.api_core.exceptions.Forbidden: 403 Access Denied: Project dw-mart-analytics. Service account airflow-worker@prod-project.iam.gserviceaccount.com lacks BigQuery Data Editor permission for table order_info.,5
google.api_core.exceptions.Forbidden: 403 Access Denied: Project sandbox-data-123. Service account airflow-worker@prod-project.iam.gserviceaccount.com lacks BigQuery Data Editor permission for table order_info.,google.api_core.exceptions.Forbidden: 403 Access Denied: Project sandbox-data-123. Service account airflow-worker@prod-project.iam.gserviceaccount.com lacks BigQuery Data Editor permission for table order_info.,5
google.api_core.exceptions.Forbidden: 403 Access Denied: Project sandbox-data-123. Service account bq-loader@sandbox.iam.gserviceaccount.com lacks BigQuery Data Editor permission for table revenue_daily.,google.api_core.exceptions.Forbidden: 403 Access Denied: Project sandbox-data-123. Service account bq-loader@sandbox.iam.gserviceaccount.com lacks BigQuery Data Editor permission for table revenue_daily.,5
google.api_core.exceptions.Forbidden: 403 Access Denied: Project prod-data-project. Service account bq-loader@sandbox.iam.gserviceaccount.com lacks BigQuery Data Editor permission for table revenue_daily.,google.api_core.exceptions.Forbidden: 403 Access Denied: Project prod-data-project. Service account bq-loader@sandbox.iam.gserviceaccount.com lacks BigQuery Data Editor permission for table revenue_daily.,5
google.api_core.exceptions.Forbidden: 403 Access Denied: Project prod-data-project. Service account bq-loader@sandbox.iam.gserviceaccount.com lacks BigQuery Data Editor permission for table click_logs.,google.api_core.exceptions.Forbidden: 403 Access Denied: Project prod-data-project. Service account bq-loader@sandbox.iam.gserviceaccount.com lacks BigQuery Data Editor permission for table click_logs.,5
google.api_core.exceptions.Forbidden: 403 Access Denied: Project prod-data-project. Service account bq-loader@sandbox.iam.gserviceaccount.com lacks BigQuery Data Editor permission for table order_info.,google.api_core.exceptions.Forbidden: 403 Access Denied: Project prod-data-project. Service account bq-loader@sandbox.iam.gserviceaccount.com lacks BigQuery Data Editor permission for table order_info.,5
google.api_core.exceptions.Forbidden: 403 Access Denied: Project sandbox-data-123. Service account airflow-worker@prod-project.iam.gserviceaccount.com lacks BigQuery Data Editor permission for table click_logs.,google.api_core.exceptions.Forbidden: 403 Access Denied: Project sandbox-data-123. Service account airflow-worker@prod-project.iam.gserviceaccount.com lacks BigQuery Data Editor permission for table click_logs.,4
google.api_core.exceptions.Forbidden: 403 Access Denied: Project sandbox-data-123. Service account airflow-worker@prod-project.iam.gserviceaccount.com lacks BigQuery Data Editor permission for table mart_sales.,google.api_core.exceptions.Forbidden: 403 Access Denied: Project sandbox-data-123. Service account airflow-worker@prod-project.iam.gserviceaccount.com lacks BigQuery Data Editor permission for table mart_sales.,4
google.api_core.exceptions.Forbidden: 403 Access Denied: Project dw-mart-analytics. Service account airflow-worker@prod-project.iam.gserviceaccount.com lacks BigQuery Data Editor permission for table user_profile.,google.api_core.exceptions.Forbidden: 403 Access Denied: Project dw-mart-analytics. Service account airflow-worker@prod-project.iam.gserviceaccount.com lacks BigQuery Data Editor permission for table user_profile.,4
google.api_core.exceptions.Forbidden: 403 Access Denied: Project dw-mart-analytics. Service account airflow-worker@prod-project.iam.gserviceaccount.com lacks BigQuery Data Editor permission for table mart_sales.,google.api_core.exceptions.Forbidden: 403 Access Denied: Project dw-mart-analytics. Service account airflow-worker@prod-project.iam.gserviceaccount.com lacks BigQuery Data Editor permission for table mart_sales.,3
google.api_core.exceptions.Forbidden: 403 Access Denied: Project dw-mart-analytics. Service account airflow-worker@prod-project.iam.gserviceaccount.com lacks BigQuery Data Editor permission for table revenue_daily.,google.api_core.exceptions.Forbidden: 403 Access Denied: Project dw-mart-analytics. Service account airflow-worker@prod-project.iam.gserviceaccount.com lacks BigQuery Data Editor permission for table revenue_daily.,3
google.api_core.exceptions.Forbidden: 403 Access Denied: Project prod-data-project. Service account bq-loader@sandbox.iam.gserviceaccount.com lacks BigQuery Data Editor permission for table mart_sales.,google.api_core.exceptions.Forbidden: 403 Access Denied: Project prod-data-project. Service account bq-loader@sandbox.iam.gserviceaccount.com lacks BigQuery Data Editor permission for table mart_sales.,3
google.api_core.exceptions.Forbidden: 403 Access Denied: Project prod-data-project. Service account airflow-worker@prod-project.iam.gserviceaccount.com lacks BigQuery Data Editor permission for table mart_sales.,google.api_core.exceptions.Forbidden: 403 Access Denied: Project prod-data-project. Service account airflow-worker@prod-project.iam.gserviceaccount.com lacks BigQuery Data Editor permission for table mart_sales.,3
google.api_core.exceptions.Forbidden: 403 Access Denied: Project dw-mart-analytics. Service account bq-loader@sandbox.iam.gserviceaccount.com lacks BigQuery Data Editor permission for table click_logs.,google.api_core.exceptions.Forbidden: 403 Access Denied: Project dw-mart-analytics. Service account bq-loader@sandbox.iam.gserviceaccount.com lacks BigQuery Data Editor permission for table click_logs.,3
google.api_core.exceptions.Forbidden: 403 Access Denied: Project dw-mart-analytics. Service account bq-loader@sandbox.iam.gserviceaccount.com lacks BigQuery Data Editor permission for table revenue_daily.,google.api_core.exceptions.Forbidden: 403 Access Denied: Project dw-mart-analytics. Service account bq-loader@sandbox.iam.gserviceaccount.com lacks BigQuery Data Editor permission for table revenue_daily.,3
google.api_core.exceptions.Forbidden: 403 Access Denied: Project prod-data-project. Service account airflow-worker@prod-project.iam.gserviceaccount.com lacks BigQuery Data Editor permission for table user_profile.,google.api_core.exceptions.Forbidden: 403 Access Denied: Project prod-data-project. Service account airflow-worker@prod-project.iam.gserviceaccount.com lacks BigQuery Data Editor permission for table user_profile.,2
google.api_core.exceptions.Forbidden: 403 Access Denied: Project dw-mart-analytics. Service account bq-loader@sandbox.iam.gserviceaccount.com lacks BigQuery Data Editor permission for table mart_sales.,google.api_core.exceptions.Forbidden: 403 Access Denied: Project dw-mart-analytics. Service account bq-loader@sandbox.iam.gserviceaccount.com lacks BigQuery Data Editor permission for table mart_sales.,2
google.api_core.exceptions.Forbidden: 403 Access Denied: Project sandbox-data-123. Service account airflow-worker@prod-project.iam.gserviceaccount.com lacks BigQuery Data Editor permission for table user_profile.,google.api_core.exceptions.Forbidden: 403 Access Denied: Project sandbox-data-123. Service account airflow-worker@prod-project.iam.gserviceaccount.com lacks BigQuery Data Editor permission for table user_profile.,2
google.api_core.exceptions.Forbidden: 403 Access Denied: Project sandbox-data-123. Service account bq-loader@sandbox.iam.gserviceaccount.com lacks BigQuery Data Editor permission for table mart_sales.,google.api_core.exceptions.Forbidden: 403 Access Denied: Project sandbox-data-123. Service account bq-loader@sandbox.iam.gserviceaccount.com lacks BigQuery Data Editor permission for table mart_sales.,2
google.api_core.exceptions.Forbidden: 403 Access Denied: Project dw-mart-analytics. Service account bq-loader@sandbox.iam.gserviceaccount.com lacks BigQuery Data Editor permission for table order_info.,google.api_core.exceptions.Forbidden: 403 Access Denied: Project dw-mart-analytics. Service account bq-loader@sandbox.iam.gserviceaccount.com lacks BigQuery Data Editor permission for table order_info.,2
"DataFrame columns mismatch. Expected ['event_time', 'user_ip'], found ['id', 'value'] in notebook job 1214.","DataFrame columns mismatch. Expected ['event_time', 'user_ip'], found ['id', 'value'] in notebook job 1214.",1
"DataFrame columns mismatch. Expected ['event_time', 'user_ip'], found ['id', 'value'] in notebook job 4325.","DataFrame columns mismatch. Expected ['event_time', 'user_ip'], found ['id', 'value'] in notebook job 4325.",1
"DataFrame columns mismatch. Expected ['event_time', 'user_ip'], found ['id', 'value'] in notebook job 2193.","DataFrame columns mismatch. Expected ['event_time', 'user_ip'], found ['id', 'value'] in notebook job 2193.",1
"DataFrame columns mismatch. Expected ['event_time', 'user_ip'], found ['id', 'value'] in notebook job 2157.","DataFrame columns mismatch. Expected ['event_time', 'user_ip'], found ['id', 'value'] in notebook job 2157.",1
"DataFrame columns mismatch. Expected ['event_time', 'user_ip'], found ['id', 'value'] in notebook job 1911.","DataFrame columns mismatch. Expected ['event_time', 'user_ip'], found ['id', 'value'] in notebook job 1911.",1
"DataFrame columns mismatch. Expected ['event_time', 'user_ip'], found ['id', 'value'] in notebook job 6681.","DataFrame columns mismatch. Expected ['event_time', 'user_ip'], found ['id', 'value'] in notebook job 6681.",1
"DataFrame columns mismatch. Expected ['event_time', 'user_ip'], found ['id', 'value'] in notebook job 6379.","DataFrame columns mismatch. Expected ['event_time', 'user_ip'], found ['id', 'value'] in notebook job 6379.",1
"DataFrame columns mismatch. Expected ['event_time', 'user_ip'], found ['id', 'value'] in notebook job 5671.","DataFrame columns mismatch. Expected ['event_time', 'user_ip'], found ['id', 'value'] in notebook job 5671.",1
"DataFrame columns mismatch. Expected ['event_time', 'user_ip'], found ['id', 'value'] in notebook job 5530.","DataFrame columns mismatch. Expected ['event_time', 'user_ip'], found ['id', 'value'] in notebook job 5530.",1
"DataFrame columns mismatch. Expected ['event_time', 'user_ip'], found ['id', 'value'] in notebook job 5478.","DataFrame columns mismatch. Expected ['event_time', 'user_ip'], found ['id', 'value'] in notebook job 5478.",1
"DataFrame columns mismatch. Expected ['event_time', 'user_ip'], found ['id', 'value'] in notebook job 5194.","DataFrame columns mismatch. Expected ['event_time', 'user_ip'], found ['id', 'value'] in notebook job 5194.",1
"DataFrame columns mismatch. Expected ['event_time', 'user_ip'], found ['id', 'value'] in notebook job 5175.","DataFrame columns mismatch. Expected ['event_time', 'user_ip'], found ['id', 'value'] in notebook job 5175.",1
"DataFrame columns mismatch. Expected ['event_time', 'user_ip'], found ['id', 'value'] in notebook job 4846.","DataFrame columns mismatch. Expected ['event_time', 'user_ip'], found ['id', 'value'] in notebook job 4846.",1
"DataFrame columns mismatch. Expected ['event_time', 'user_ip'], found ['id', 'value'] in notebook job 4844.","DataFrame columns mismatch. Expected ['event_time', 'user_ip'], found ['id', 'value'] in notebook job 4844.",1
"DataFrame columns mismatch. Expected ['event_time', 'user_ip'], found ['id', 'value'] in notebook job 4780.","DataFrame columns mismatch. Expected ['event_time', 'user_ip'], found ['id', 'value'] in notebook job 4780.",1
"DataFrame columns mismatch. Expected ['event_time', 'user_ip'], found ['id', 'value'] in notebook job 4773.","DataFrame columns mismatch. Expected ['event_time', 'user_ip'], found ['id', 'value'] in notebook job 4773.",1
"DataFrame columns mismatch. Expected ['event_time', 'user_ip'], found ['id', 'value'] in notebook job 4367.","DataFrame columns mismatch. Expected ['event_time', 'user_ip'], found ['id', 'value'] in notebook job 4367.",1
"DataFrame columns mismatch. Expected ['event_time', 'user_ip'], found ['id', 'value'] in notebook job 7049.","DataFrame columns mismatch. Expected ['event_time', 'user_ip'], found ['id', 'value'] in notebook job 7049.",1
"DataFrame columns mismatch. Expected ['event_time', 'user_ip'], found ['id', 'value'] in notebook job 7289.","DataFrame columns mismatch. Expected ['event_time', 'user_ip'], found ['id', 'value'] in notebook job 7289.",1
"DataFrame columns mismatch. Expected ['event_time', 'user_ip'], found ['id', 'value'] in notebook job 7740.","DataFrame columns mismatch. Expected ['event_time', 'user_ip'], found ['id', 'value'] in notebook job 7740.",1
"DataFrame columns mismatch. Expected ['event_time', 'user_ip'], found ['id', 'value'] in notebook job 8071.","DataFrame columns mismatch. Expected ['event_time', 'user_ip'], found ['id', 'value'] in notebook job 8071.",1
"DataFrame columns mismatch. Expected ['id', 'user_id', 'amount'], found ['id', 'value'] in notebook job 2199.","DataFrame columns mismatch. Expected ['id', 'user_id', 'amount'], found ['id', 'value'] in notebook job 2199.",1
"DataFrame columns mismatch. Expected ['id', 'user_id', 'amount'], found ['id', 'value'] in notebook job 2796.","DataFrame columns mismatch. Expected ['id', 'user_id', 'amount'], found ['id', 'value'] in notebook job 2796.",1
"DataFrame columns mismatch. Expected ['id', 'user_id', 'amount'], found ['id', 'value'] in notebook job 2982.","DataFrame columns mismatch. Expected ['id', 'user_id', 'amount'], found ['id', 'value'] in notebook job 2982.",1
"DataFrame columns mismatch. Expected ['id', 'user_id', 'amount'], found ['id', 'value'] in notebook job 3014.","DataFrame columns mismatch. Expected ['id', 'user_id', 'amount'], found ['id', 'value'] in notebook job 3014.",1
"DataFrame columns mismatch. Expected ['event_time', 'user_ip'], found ['id', 'value'] in notebook job 8372.","DataFrame columns mismatch. Expected ['event_time', 'user_ip'], found ['id', 'value'] in notebook job 8372.",1
"DataFrame columns mismatch. Expected ['event_time', 'user_ip'], found ['id', 'value'] in notebook job 8404.","DataFrame columns mismatch. Expected ['event_time', 'user_ip'], found ['id', 'value'] in notebook job 8404.",1
"DataFrame columns mismatch. Expected ['event_time', 'user_ip'], found ['id', 'value'] in notebook job 8630.","DataFrame columns mismatch. Expected ['event_time', 'user_ip'], found ['id', 'value'] in notebook job 8630.",1
"DataFrame columns mismatch. Expected ['event_time', 'user_ip'], found ['id', 'value'] in notebook job 9085.","DataFrame columns mismatch. Expected ['event_time', 'user_ip'], found ['id', 'value'] in notebook job 9085.",1
"DataFrame columns mismatch. Expected ['event_time', 'user_ip'], found ['id', 'value'] in notebook job 9152.","DataFrame columns mismatch. Expected ['event_time', 'user_ip'], found ['id', 'value'] in notebook job 9152.",1
"DataFrame columns mismatch. Expected ['event_time', 'user_ip'], found ['id', 'value'] in notebook job 9347.","DataFrame columns mismatch. Expected ['event_time', 'user_ip'], found ['id', 'value'] in notebook job 9347.",1
"DataFrame columns mismatch. Expected ['event_time', 'user_ip'], found ['id', 'value'] in notebook job 9582.","DataFrame columns mismatch. Expected ['event_time', 'user_ip'], found ['id', 'value'] in notebook job 9582.",1
"DataFrame columns mismatch. Expected ['event_time', 'user_ip'], found ['id', 'value'] in notebook job 9740.","DataFrame columns mismatch. Expected ['event_time', 'user_ip'], found ['id', 'value'] in notebook job 9740.",1
"DataFrame columns mismatch. Expected ['event_time', 'user_ip'], found ['id', 'value'] in notebook job 9814.","DataFrame columns mismatch. Expected ['event_time', 'user_ip'], found ['id', 'value'] in notebook job 9814.",1
"DataFrame columns mismatch. Expected ['id', 'user_id', 'amount'], found ['id', 'value'] in notebook job 1038.","DataFrame columns mismatch. Expected ['id', 'user_id', 'amount'], found ['id', 'value'] in notebook job 1038.",1
"DataFrame columns mismatch. Expected ['id', 'user_id', 'amount'], found ['id', 'value'] in notebook job 1065.","DataFrame columns mismatch. Expected ['id', 'user_id', 'amount'], found ['id', 'value'] in notebook job 1065.",1
"DataFrame columns mismatch. Expected ['id', 'user_id', 'amount'], found ['id', 'value'] in notebook job 1639.","DataFrame columns mismatch. Expected ['id', 'user_id', 'amount'], found ['id', 'value'] in notebook job 1639.",1
"DataFrame columns mismatch. Expected ['id', 'val'], found ['id', 'value'] in notebook job 6833.","DataFrame columns mismatch. Expected ['id', 'val'], found ['id', 'value'] in notebook job 6833.",1
"DataFrame columns mismatch. Expected ['id', 'val'], found ['id', 'value'] in notebook job 6585.","DataFrame columns mismatch. Expected ['id', 'val'], found ['id', 'value'] in notebook job 6585.",1
"DataFrame columns mismatch. Expected ['id', 'val'], found ['id', 'value'] in notebook job 6519.","DataFrame columns mismatch. Expected ['id', 'val'], found ['id', 'value'] in notebook job 6519.",1
"DataFrame columns mismatch. Expected ['id', 'val'], found ['id', 'value'] in notebook job 6499.","DataFrame columns mismatch. Expected ['id', 'val'], found ['id', 'value'] in notebook job 6499.",1
"DataFrame columns mismatch. Expected ['id', 'val'], found ['id', 'value'] in notebook job 6296.","DataFrame columns mismatch. Expected ['id', 'val'], found ['id', 'value'] in notebook job 6296.",1
"DataFrame columns mismatch. Expected ['id', 'val'], found ['id', 'value'] in notebook job 6222.","DataFrame columns mismatch. Expected ['id', 'val'], found ['id', 'value'] in notebook job 6222.",1
"DataFrame columns mismatch. Expected ['id', 'val'], found ['id', 'value'] in notebook job 6014.","DataFrame columns mismatch. Expected ['id', 'val'], found ['id', 'value'] in notebook job 6014.",1
"DataFrame columns mismatch. Expected ['id', 'val'], found ['id', 'value'] in notebook job 5343.","DataFrame columns mismatch. Expected ['id', 'val'], found ['id', 'value'] in notebook job 5343.",1
"DataFrame columns mismatch. Expected ['id', 'val'], found ['id', 'value'] in notebook job 4945.","DataFrame columns mismatch. Expected ['id', 'val'], found ['id', 'value'] in notebook job 4945.",1
"DataFrame columns mismatch. Expected ['id', 'val'], found ['id', 'value'] in notebook job 4020.","DataFrame columns mismatch. Expected ['id', 'val'], found ['id', 'value'] in notebook job 4020.",1
"DataFrame columns mismatch. Expected ['id', 'val'], found ['id', 'value'] in notebook job 3972.","DataFrame columns mismatch. Expected ['id', 'val'], found ['id', 'value'] in notebook job 3972.",1
"DataFrame columns mismatch. Expected ['id', 'val'], found ['id', 'value'] in notebook job 3789.","DataFrame columns mismatch. Expected ['id', 'val'], found ['id', 'value'] in notebook job 3789.",1
"DataFrame columns mismatch. Expected ['id', 'val'], found ['id', 'value'] in notebook job 3742.","DataFrame columns mismatch. Expected ['id', 'val'], found ['id', 'value'] in notebook job 3742.",1
"DataFrame columns mismatch. Expected ['id', 'val'], found ['id', 'value'] in notebook job 3252.","DataFrame columns mismatch. Expected ['id', 'val'], found ['id', 'value'] in notebook job 3252.",1
"DataFrame columns mismatch. Expected ['id', 'val'], found ['id', 'value'] in notebook job 3066.","DataFrame columns mismatch. Expected ['id', 'val'], found ['id', 'value'] in notebook job 3066.",1
"DataFrame columns mismatch. Expected ['id', 'val'], found ['id', 'value'] in notebook job 2965.","DataFrame columns mismatch. Expected ['id', 'val'], found ['id', 'value'] in notebook job 2965.",1
"DataFrame columns mismatch. Expected ['id', 'val'], found ['id', 'value'] in notebook job 2722.","DataFrame columns mismatch. Expected ['id', 'val'], found ['id', 'value'] in notebook job 2722.",1
"DataFrame columns mismatch. Expected ['id', 'val'], found ['id', 'value'] in notebook job 2511.","DataFrame columns mismatch. Expected ['id', 'val'], found ['id', 'value'] in notebook job 2511.",1
"DataFrame columns mismatch. Expected ['id', 'val'], found ['id', 'value'] in notebook job 2229.","DataFrame columns mismatch. Expected ['id', 'val'], found ['id', 'value'] in notebook job 2229.",1
"DataFrame columns mismatch. Expected ['id', 'val'], found ['id', 'value'] in notebook job 2128.","DataFrame columns mismatch. Expected ['id', 'val'], found ['id', 'value'] in notebook job 2128.",1
"DataFrame columns mismatch. Expected ['id', 'val'], found ['id', 'value'] in notebook job 1647.","DataFrame columns mismatch. Expected ['id', 'val'], found ['id', 'value'] in notebook job 1647.",1
"DataFrame columns mismatch. Expected ['id', 'val'], found ['id', 'value'] in notebook job 1616.","DataFrame columns mismatch. Expected ['id', 'val'], found ['id', 'value'] in notebook job 1616.",1
"DataFrame columns mismatch. Expected ['id', 'val'], found ['id', 'value'] in notebook job 1486.","DataFrame columns mismatch. Expected ['id', 'val'], found ['id', 'value'] in notebook job 1486.",1
"DataFrame columns mismatch. Expected ['id', 'val'], found ['id', 'value'] in notebook job 1439.","DataFrame columns mismatch. Expected ['id', 'val'], found ['id', 'value'] in notebook job 1439.",1
"DataFrame columns mismatch. Expected ['id', 'val'], found ['id', 'value'] in notebook job 1356.","DataFrame columns mismatch. Expected ['id', 'val'], found ['id', 'value'] in notebook job 1356.",1
"DataFrame columns mismatch. Expected ['id', 'val'], found ['id', 'value'] in notebook job 1177.","DataFrame columns mismatch. Expected ['id', 'val'], found ['id', 'value'] in notebook job 1177.",1
"DataFrame columns mismatch. Expected ['id', 'val'], found ['id', 'value'] in notebook job 1172.","DataFrame columns mismatch. Expected ['id', 'val'], found ['id', 'value'] in notebook job 1172.",1
"DataFrame columns mismatch. Expected ['id', 'val'], found ['id', 'value'] in notebook job 1040.","DataFrame columns mismatch. Expected ['id', 'val'], found ['id', 'value'] in notebook job 1040.",1
"DataFrame columns mismatch. Expected ['id', 'user_id', 'amount'], found ['id', 'value'] in notebook job 9589.","DataFrame columns mismatch. Expected ['id', 'user_id', 'amount'], found ['id', 'value'] in notebook job 9589.",1
"DataFrame columns mismatch. Expected ['id', 'user_id', 'amount'], found ['id', 'value'] in notebook job 9071.","DataFrame columns mismatch. Expected ['id', 'user_id', 'amount'], found ['id', 'value'] in notebook job 9071.",1
"DataFrame columns mismatch. Expected ['id', 'user_id', 'amount'], found ['id', 'value'] in notebook job 8919.","DataFrame columns mismatch. Expected ['id', 'user_id', 'amount'], found ['id', 'value'] in notebook job 8919.",1
"DataFrame columns mismatch. Expected ['id', 'user_id', 'amount'], found ['id', 'value'] in notebook job 8875.","DataFrame columns mismatch. Expected ['id', 'user_id', 'amount'], found ['id', 'value'] in notebook job 8875.",1
"DataFrame columns mismatch. Expected ['id', 'user_id', 'amount'], found ['id', 'value'] in notebook job 8510.","DataFrame columns mismatch. Expected ['id', 'user_id', 'amount'], found ['id', 'value'] in notebook job 8510.",1
"DataFrame columns mismatch. Expected ['id', 'user_id', 'amount'], found ['id', 'value'] in notebook job 8024.","DataFrame columns mismatch. Expected ['id', 'user_id', 'amount'], found ['id', 'value'] in notebook job 8024.",1
"DataFrame columns mismatch. Expected ['id', 'user_id', 'amount'], found ['id', 'value'] in notebook job 7197.","DataFrame columns mismatch. Expected ['id', 'user_id', 'amount'], found ['id', 'value'] in notebook job 7197.",1
"DataFrame columns mismatch. Expected ['id', 'user_id', 'amount'], found ['id', 'value'] in notebook job 6938.","DataFrame columns mismatch. Expected ['id', 'user_id', 'amount'], found ['id', 'value'] in notebook job 6938.",1
"DataFrame columns mismatch. Expected ['id', 'user_id', 'amount'], found ['id', 'value'] in notebook job 6850.","DataFrame columns mismatch. Expected ['id', 'user_id', 'amount'], found ['id', 'value'] in notebook job 6850.",1
"DataFrame columns mismatch. Expected ['id', 'user_id', 'amount'], found ['id', 'value'] in notebook job 6353.","DataFrame columns mismatch. Expected ['id', 'user_id', 'amount'], found ['id', 'value'] in notebook job 6353.",1
"DataFrame columns mismatch. Expected ['id', 'user_id', 'amount'], found ['id', 'value'] in notebook job 5638.","DataFrame columns mismatch. Expected ['id', 'user_id', 'amount'], found ['id', 'value'] in notebook job 5638.",1
"DataFrame columns mismatch. Expected ['id', 'user_id', 'amount'], found ['id', 'value'] in notebook job 5619.","DataFrame columns mismatch. Expected ['id', 'user_id', 'amount'], found ['id', 'value'] in notebook job 5619.",1
"DataFrame columns mismatch. Expected ['id', 'user_id', 'amount'], found ['id', 'value'] in notebook job 4649.","DataFrame columns mismatch. Expected ['id', 'user_id', 'amount'], found ['id', 'value'] in notebook job 4649.",1
"DataFrame columns mismatch. Expected ['id', 'user_id', 'amount'], found ['id', 'value'] in notebook job 4568.","DataFrame columns mismatch. Expected ['id', 'user_id', 'amount'], found ['id', 'value'] in notebook job 4568.",1
"DataFrame columns mismatch. Expected ['id', 'user_id', 'amount'], found ['id', 'value'] in notebook job 4280.","DataFrame columns mismatch. Expected ['id', 'user_id', 'amount'], found ['id', 'value'] in notebook job 4280.",1
"DataFrame columns mismatch. Expected ['id', 'user_id', 'amount'], found ['id', 'value'] in notebook job 3400.","DataFrame columns mismatch. Expected ['id', 'user_id', 'amount'], found ['id', 'value'] in notebook job 3400.",1
"DataFrame columns mismatch. Expected ['id', 'val'], found ['id', 'value'] in notebook job 9708.","DataFrame columns mismatch. Expected ['id', 'val'], found ['id', 'value'] in notebook job 9708.",1
"DataFrame columns mismatch. Expected ['id', 'val'], found ['id', 'value'] in notebook job 9805.","DataFrame columns mismatch. Expected ['id', 'val'], found ['id', 'value'] in notebook job 9805.",1
"DataFrame columns mismatch. Expected ['id', 'val'], found ['id', 'value'] in notebook job 9828.","DataFrame columns mismatch. Expected ['id', 'val'], found ['id', 'value'] in notebook job 9828.",1
"DataFrame columns mismatch. Expected ['id', 'val'], found ['id', 'value'] in notebook job 9928.","DataFrame columns mismatch. Expected ['id', 'val'], found ['id', 'value'] in notebook job 9928.",1
"DataFrame columns mismatch. Expected ['id', 'val'], found ['id', 'value'] in notebook job 6990.","DataFrame columns mismatch. Expected ['id', 'val'], found ['id', 'value'] in notebook job 6990.",1
"DataFrame columns mismatch. Expected ['id', 'val'], found ['id', 'value'] in notebook job 7384.","DataFrame columns mismatch. Expected ['id', 'val'], found ['id', 'value'] in notebook job 7384.",1
"DataFrame columns mismatch. Expected ['id', 'val'], found ['id', 'value'] in notebook job 7804.","DataFrame columns mismatch. Expected ['id', 'val'], found ['id', 'value'] in notebook job 7804.",1
"DataFrame columns mismatch. Expected ['id', 'val'], found ['id', 'value'] in notebook job 7901.","DataFrame columns mismatch. Expected ['id', 'val'], found ['id', 'value'] in notebook job 7901.",1
"DataFrame columns mismatch. Expected ['id', 'val'], found ['id', 'value'] in notebook job 8462.","DataFrame columns mismatch. Expected ['id', 'val'], found ['id', 'value'] in notebook job 8462.",1
"DataFrame columns mismatch. Expected ['id', 'val'], found ['id', 'value'] in notebook job 8496.","DataFrame columns mismatch. Expected ['id', 'val'], found ['id', 'value'] in notebook job 8496.",1
"DataFrame columns mismatch. Expected ['id', 'val'], found ['id', 'value'] in notebook job 8794.","DataFrame columns mismatch. Expected ['id', 'val'], found ['id', 'value'] in notebook job 8794.",1
"DataFrame columns mismatch. Expected ['id', 'val'], found ['id', 'value'] in notebook job 8853.","DataFrame columns mismatch. Expected ['id', 'val'], found ['id', 'value'] in notebook job 8853.",1
"DataFrame columns mismatch. Expected ['id', 'val'], found ['id', 'value'] in notebook job 8877.","DataFrame columns mismatch. Expected ['id', 'val'], found ['id', 'value'] in notebook job 8877.",1
"DataFrame columns mismatch. Expected ['id', 'val'], found ['id', 'value'] in notebook job 8882.","DataFrame columns mismatch. Expected ['id', 'val'], found ['id', 'value'] in notebook job 8882.",1
"DataFrame columns mismatch. Expected ['id', 'val'], found ['id', 'value'] in notebook job 8931.","DataFrame columns mismatch. Expected ['id', 'val'], found ['id', 'value'] in notebook job 8931.",1
"DataFrame columns mismatch. Expected ['id', 'val'], found ['id', 'value'] in notebook job 9386.","DataFrame columns mismatch. Expected ['id', 'val'], found ['id', 'value'] in notebook job 9386.",1
google.api_core.exceptions.Forbidden: 403 Access Denied: Project prod-data-project. Service account airflow-worker@prod-project.iam.gserviceaccount.com lacks BigQuery Data Editor permission for table order_info.,google.api_core.exceptions.Forbidden: 403 Access Denied: Project prod-data-project. Service account airflow-worker@prod-project.iam.gserviceaccount.com lacks BigQuery Data Editor permission for table order_info.,1
google.api_core.exceptions.Forbidden: 403 Access Denied: Project prod-data-project. Service account airflow-worker@prod-project.iam.gserviceaccount.com lacks BigQuery Data Editor permission for table revenue_daily.,google.api_core.exceptions.Forbidden: 403 Access Denied: Project prod-data-project. Service account airflow-worker@prod-project.iam.gserviceaccount.com lacks BigQuery Data Editor permission for table revenue_daily.,1
google.api_core.exceptions.Forbidden: 403 Access Denied: Project dw-mart-analytics. Service account bq-loader@sandbox.iam.gserviceaccount.com lacks BigQuery Data Editor permission for table user_profile.,google.api_core.exceptions.Forbidden: 403 Access Denied: Project dw-mart-analytics. Service account bq-loader@sandbox.iam.gserviceaccount.com lacks BigQuery Data Editor permission for table user_profile.,1
google.api_core.exceptions.Forbidden: 403 Access Denied: Project sandbox-data-123. Service account airflow-worker@prod-project.iam.gserviceaccount.com lacks BigQuery Data Editor permission for table revenue_daily.,google.api_core.exceptions.Forbidden: 403 Access Denied: Project sandbox-data-123. Service account airflow-worker@prod-project.iam.gserviceaccount.com lacks BigQuery Data Editor permission for table revenue_daily.,1
